Workbook
Name Diameter: HLOOKUP!$B$18:$J$21
Name planetall: HLOOKUP!$B$18:$B$21
Name Temp: 'HLOOKUP another sheet'!$A$1:$I$3

Sheet INDEX
A1: The INDEX array form returns the value of a certain element in a range or array based on the row and column numbers you specify.
A3: INDEX array form
A4: INDEX(array, row_num, [column_num])
A6: array - is a range of cells, named range, or table.
A7: row_num - is the row number in the array from which to return a value. If row_num is omitted, column_num is required.
A8: column_num - is the column number from which to return a value. If column_num is omitted, row_num is required.
A10: INDEX reference form
A11: INDEX(reference, row_num, [column_num], [area_num] )
A13: reference - is one or several ranges.
A15: If you are entering more than one range, separate the ranges by commas and enclose the reference argument in parentheses, for example (A1:B5, D1:F5).
A17: If each range in reference contains only one row or column, the corresponding row_num or column_num argument is optional.
A19: row_num - the row number in the range from which to return a cell reference, it's similar to the array form.
... A21: area_num - an optional parameter that specifies which range from the reference argument to use. If omitted, the INDEX formula will return the result for the first range listed in reference.
A24: Product | B24: Week 1 | C24: Week 2 | D24: Week 3 | E24: Week 4 | G24: Product | H24: 2
A25: Paint | B25: 45 | C25: 34 | D25: 38 | E25: 43 | G25: Week | H25: 1
A26: Brush | B26: 23 | C26: 45 | D26: 39 | E26: 32 | G26: Items | H26: {=INDEX(A24:E30,H24,H25)} -> Paint
A27: Rope | B27: 43 | C27: 46 | D27: 50 | E27: 54
A28: Bolts | B28: 55 | C28: 44 | D28: 55 | E28: 37
A29: Primer | B29: 44 | C29: 43 | D29: 24 | E29: 64
A30: Bushes | B30: 67 | C30: 34 | D30: 25 | E30: 45

Sheet MATCH
A1: The MATCH function in Excel searches for a specified value in a range of cells, and returns the relative position of that value.
A3: MATCH(lookup_value, lookup_array, [match_type])
A5: Lookup_value (required) - the value you want to find. It can be a numeric, text or logical value as well as a cell reference.
A7: Lookup_array (required) - the range of cells to search in.
A9: Match_type (optional) - defines the match type. It can be one of these values: 1, 0, -1. The match_type argument set to 0 returns only the exact match, while the other two types allow for approximate match.
A11: 1 or omitted (default) - approximate match (closest smaller). Finds the largest value in the lookup array that is less than or equal to the lookup value. Requires sorting the lookup array in ascending order, from smallest to largest or from A to Z.
A12: 0 - exact match. Finds the first value in the array that is exactly equal to the lookup value. No sorting is required.
A13: -1 - approximate match (closest larger). Finds the smallest value that is greater than or equal to the lookup value. The lookup array should be sorted in descending order, from largest to smallest or from Z to A.
A16: Product | B16: Week 1 | C16: Week 2 | D16: Week 3 | E16: Week 4 | F16: TOTAL | H16: Name | I16: Bolts
A17: Paint | B17: 45 | C17: 34 | D17: 38 | E17: 43 | F17: =SUM(B17:E17) -> 160 | H17: Position | I17: =MATCH(I16,A17:A22,0) -> 4
A18: Brush | B18: 23 | C18: 45 | D18: 39 | E18: 32 | F18: =SUM(B18:E18) -> 139
A19: Rope | B19: 43 | C19: 46 | D19: 50 | E19: 54 | F19: =SUM(B19:E19) -> 193
A20: Bolts | B20: 55 | C20: 44 | D20: 55 | E20: 37 | F20: =SUM(B20:E20) -> 191
A21: Primer | B21: 44 | C21: 43 | D21: 24 | E21: 64 | F21: =SUM(B21:E21) -> 175
A22: Bushes | B22: 67 | C22: 34 | D22: 25 | E22: 45 | F22: =SUM(B22:E22) -> 171
A25: Using INDEX and MATCH together
B27: Product | C27: Rope
B28: Week | C28: Week 4
B29: Revenue
A31: Using VLOOKUP
B33: Product | C33: Bushes
B34: Week
B35: Revenue

Sheet INDEX MATCH
B2: 2021 Revenue by Quarter (in billions)
B4: Streaming Service | C4: Q1 | D4: Q2 | E4: Q3 | F4: Q4 | G4: TOTAL
B5: Disney | C5: 1 | D5: 1.11 | E5: 1.24 | F5: 1.44 | G5: =SUM(C5:F5) -> 4.79
B6: Netflix | C6: 7.16 | D6: 7.34 | E6: 7.43 | F6: 7.71 | G6: =SUM(C6:F6) -> 29.64
B7: TikTok | C7: 0.81 | D7: 1.1 | E7: 1.21 | F7: 1.58 | G7: =SUM(C7:F7) -> 4.7
B8: YouTube | C8: 6 | D8: 7 | E8: 7.2 | F8: 8.63 | G8: =SUM(G5:G7) -> 39.13
C10: Service | D10: TikTok
C11: Quarter | D11: Q2
C12: Revenue

Sheet VLOOKUP
B2: VLOOKUP searches for the value you specify and returns a matching value from another column. More technically, the VLOOKUP function looks up a value in the first column of a given range and returns a value in the same row from another column.
B7: The letter "V" stands for "vertical" and is used to differentiate VLOOKUP from the HLOOKUP function that looks up a value in a row rather than column (H stands for "horizontal").
B11: VLOOKUP syntax | F11: VLOOKUP(lookup_value, table_array, col_index_num, [range_lookup])
B13: Where:
B15: Lookup_value (required) - is the value to search for.
B16: This can be a value (number, date or text), cell reference (reference to a cell containing a lookup value), or the value returned by some other function. Unlike numbers and cell references, text values should always be in enclosed in "double quotes".
B18: Table_array (required) - is the range of cells where to search for the lookup value and from which to retrieve a match. The VLOOKUP function always searches in the first column of the table array, which may contain various text values, numbers, dates, and logical values.
B19: Col_index_num (required) - is the number of the column from which to return a value. The counting starts from the leftmost column in the table array, which is 1.
B20: Range_lookup (optional) - determines whether to search for approximate or exact match:
B21: TRUE or omitted (default) - approximate match. If an exact match is not found, the formula searches for the largest value that is smaller than the lookup value. Requires sorting the lookup column in ascending order.
B22: FALSE - exact match. The formula searches for a value exactly equal to the lookup value. If an exact match is not found, a #N/A value is returned.
B24: Rank | C24: Animal | D24: Speed (mph)
B25: 1 | C25: Cheetah | D25: 70 | F25: Rank | G25: Animal | H25: Speed
B26: 2 | C26: Antelope | D26: 61 | F26: 4
B27: 3 | C27: Lion | D27: 50 | F27: 5
B28: 4 | C28: Elk | D28: 45 | F28: 7
B29: 5 | C29: Coyote | D29: 43 | F29: 2
B30: 6 | C30: Gray fox | D30: 42
B31: 7 | C31: Ostrich | D31: 40
B32: 8 | C32: Greyhound | D32: 39.35
B33: 9 | C33: Whippet | D33: 35.5
B34: 10 | C34: Rabbit | D34: 35

Sheet HLOOKUP
B2: The Excel HLOOKUP function is designed for horizontal lookup. More specifically, it searches for a certain value in the first row of the table and returns another value in the same column from a row that you specify.
B6: HLOOKUP syntax | F6: HLOOKUP(lookup_value, table_array, row_index_num, [range_lookup])
B8: Lookup_value (required) - the value to search for. It can be a cell reference, numeric value or text string.
B9: Table_array (required) - two or more rows of data in which the lookup value is searched. It can be a regular range, named range or table. Lookup values should always be located in the first row of table_array.
B10: Row_index_num (required) - the row number in table_array from which the value should be returned. For example, to return the matching value from the 2nd row, set row_index_num to 2, and so on.
B11: Range_lookup (optional) - a logical (Boolean) value that instructs HLOOKUP to search with exact or approximate match.
B13: If TRUE or omitted, an approximate match is returned. What it means is if an exact match is not found, your Hlookup formula will do a non-exact match and return the next largest value that is less than lookup_value.
B15: If FALSE, only an exact match is returned. If no value in a specified row matches the lookup value exactly, HLOOKUP throws the #N/A error.
B18: Planet | C18: Earth | D18: Mars | E18: Mercury | F18: Venus | G18: Jupiter | H18: Saturn | I18: Uranus | J18: Neptune
B19: Diameter | C19: 12755 | D19: 6790 | E19: 4878 | F19: 12104 | G19: 142796 | H19: 120660 | I19: 51118 | J19: 49528
B20: Density | C20: 111 | D20: 222 | E20: 333 | F20: 444 | G20: 555 | H20: 666 | I20: 777 | J20: 888
B21: Temperature | C21: =HLOOKUP(HLOOKUP!C18,Temp,2,FALSE) -> 59 | D21: =HLOOKUP(HLOOKUP!D18,Temp,2,FALSE) -> -9.4 | E21: =HLOOKUP(HLOOKUP!E18,Temp,2,FALSE) -> 468 | F21: =HLOOKUP(HLOOKUP!F18,Temp,2,FALSE) -> 869 | G21: =HLOOKUP(HLOOKUP!G18,Temp,2,FALSE) -> -238 | H21: =HLOOKUP(HLOOKUP!H18,Temp,2,FALSE) -> -292 | I21: =HLOOKUP(HLOOKUP!I18,Temp,2,FALSE) -> -357 | J21: =HLOOKUP(HLOOKUP!J18,Temp,2,FALSE) -> -346
B23: Planet | C23: Mercury
B24: Diameter | C24: =HLOOKUP($C$23,$B$18:$J$21,MATCH(B24,$B$18:$B$21,0),FALSE) -> 4878
B25: Density | C25: =HLOOKUP($C$23,$B$18:$J$21,MATCH(B25,$B$18:$B$21,0),FALSE) -> 333
B26: Temperature | C26: =HLOOKUP($C$23,$B$18:$J$21,MATCH(B26,$B$18:$B$21,0),FALSE) -> 468

Sheet HLOOKUP another sheet
A1: Planet | B1: Mercury | C1: Venus | D1: Earth | E1: Mars | F1: Jupiter | G1: Saturn | H1: Uranus | I1: Neptune
A2: Temperature | B2: 468 | C2: 869 | D2: 59 | E2: -9.4 | F2: -238 | G2: -292 | H2: -357 | I2: -346
A3: Diameter | B3: =HLOOKUP(B1,Diameter,MATCH($A$3,planetall,0),FALSE) -> 4878 | C3: =HLOOKUP(C1,Diameter,MATCH($A$3,planetall,0),FALSE) -> 12104 | D3: =HLOOKUP(D1,Diameter,MATCH($A$3,planetall,0),FALSE) -> 12755 | E3: =HLOOKUP(E1,Diameter,MATCH($A$3,planetall,0),FALSE) -> 6790 | F3: =HLOOKUP(F1,Diameter,MATCH($A$3,planetall,0),FALSE) -> 142796 | G3: =HLOOKUP(G1,Diameter,MATCH($A$3,planetall,0),FALSE) -> 120660 | H3: =HLOOKUP(H1,Diameter,MATCH($A$3,planetall,0),FALSE) -> 51118 | I3: =HLOOKUP(I1,Diameter,MATCH(H3,HLOOKUP!I18:I21,0),FALSE) -> 49528
B12: Planet | C12: Venus
B13: Diameter

Sheet OFFSET
B3: OFFSET Function
B5: Sum of Week 3 | E5: Total Sales
B7: Day/Week | C7: Week 1 | D7: Week 2 | E7: Week 3 | F7: Week 4 | G7: Week 5
B8: Monday | C8: 4500 | D8: 5000 | E8: 5000 | F8: 5000 | G8: 5000
B9: Tuesday | C9: 3500 | D9: 2000 | E9: 3000 | F9: 3000 | G9: 3000
B10: Wednesday | C10: 2500 | D10: 3200 | E10: 3500 | F10: 2500 | G10: 400
B11: Thursday | C11: 4200 | D11: 4800 | E11: 4500 | F11: 1500 | G11: 2500
B12: Friday | C12: 5800 | D12: 3200 | E12: 4400 | F12: 1500 | G12: 500
B15: Day/Week | C15: Week 1 | D15: Week 2 | E15: Week 3 | F15: Week 4 | G15: Week 5
B16: Monday | C16: 4500 | D16: 5000 | E16: 5000 | F16: 5000 | G16: 5000
B17: Tuesday | C17: 3500 | D17: 2000 | E17: 3000 | F17: 3000 | G17: 3000
B18: Wednesday | C18: 2500 | D18: 3200 | E18: 3500 | F18: 2500 | G18: 400
B19: Thursday | C19: 4200 | D19: 4800 | E19: 4500 | F19: 1500 | G19: 2500
B20: Friday | C20: 5800 | D20: 3200 | E20: 4400 | F20: 1500 | G20: 500
B22: Earning for Wed and Week 1 | C22: =OFFSET(G15,3,-4) -> 2500

Sheet OFFSET-1
B2: OFFSET Function | I2: Use OFFSET function
C3: Week1 | D3: Week2 | E3: Week3 | F3: Week4 | G3: Week5
B4: Earnings on Thursday
B6: Day/Week | C6: Week 1 | D6: Week 2 | E6: Week 3 | F6: Week 4 | G6: Week 5
B7: Monday | C7: 4500 | D7: 5000 | E7: 5000 | F7: 5000 | G7: 5000
B8: Tuesday | C8: 3500 | D8: 2000 | E8: 3000 | F8: 3000 | G8: 3000
B9: Wednesday | C9: 2500 | D9: 3200 | E9: 3500 | F9: 2500 | G9: 400
B10: Thursday | C10: 4200 | D10: 4800 | E10: 4500 | F10: 1500 | G10: 2500
B11: Friday | C11: 5800 | D11: 3200 | E11: 4400 | F11: 1500 | G11: 500
